<?xml version="1.0" encoding="windows-1252"?>

<team id="totehenne" name="Totehenne Coldspear" description="Beschreibung des Vereins" stadium="allstars_2">
  <colors id="home" pattern="" skin="FFC280" shirt="F9F9F9" shirt2="101744" pants="101744" shoes="C8C8C8"/>
  <colors id="away" pattern="" skin="FFC280" shirt="121EBA" shirt2="FFDE00" pants="121EBA" shoes="A0A0A0"/>
  <colors id="goalkeeper" pattern="" skin="FFC280" shirt="0096FF" shirt2="FFFFFF" pants="0096FF" shoes="A0A0A0"/>
  <players>
    <player name="Robinson Crusoe" attack="6" defense="7" speed="6" stamina="8" headdress="" glasses=""/>
    <player name="Nurdi Feldbett" attack="6" defense="7" speed="5" stamina="6" headdress="" glasses=""/>
    <player name="Peter Stealth" attack="6" defense="8" speed="6" stamina="8" headdress="" glasses=""/>
    <player name="David Edgars" attack="8" defense="7" speed="8" stamina="7" headdress="" glasses="glasses"/>
    <player name="Robert Kann" attack="8" defense="6" speed="7" stamina="7" headdress="" glasses="" /> 
  </players>
</team>
