<?xml version="1.0" encoding="windows-1252"?>

<stadium id="schielealm" name="Schiele Alm">
  <terrain id="terrain1"/>
  <lawn quality="7"/>
  <goals id="aluminumgoals"/>
  <careerstandblocks/>
  <careeradboardblocks/>
  <stands maxspectators="850">
    <stand id="stage1_normal" modification="stage1_normal_entrance2">
      <position x="0.0" y="0.0" z="25.0"/>
      <rotation x="0.0" y="0.0" z="0.0"/>
    </stand>
    <stand id="stage1_normal" modification="stage1_normal_stairs_m">
      <position x="20.0" y="0.0" z="25.0"/>
      <rotation x="0.0" y="0.0" z="0.0"/>
    </stand>
    <stand id="stage1_normal" modification="stage1_normal_stairs_m">
      <position x="-20.0" y="0.0" z="25.0"/>
      <rotation x="0.0" y="0.0" z="0.0"/>
    </stand>
    <stand id="stage1_curve" modification="stage1_curve">
      <position x="35.0" y="0.0" z="25.0"/>
      <rotation x="0.0" y="0.0" z="0.0"/>
    </stand>
    <stand id="stage1_curve" modification="stage1_curve">
      <position x="-35.0" y="0.0" z="25.0"/>
      <rotation x="0.0" y="270.0" z="0.0"/>
    </stand>
    <stand id="stage1_normal" modification="stage1_normal_stairs_m">
      <position x="-35.0" y="0.0" z="10.0"/>
      <rotation x="0.0" y="270.0" z="0.0"/>
    </stand>
    <stand id="stage1_normal" modification="stage1_normal_stairs_m">
      <position x="-35.0" y="0.0" z="-10.0"/>
      <rotation x="0.0" y="270.0" z="0.0"/>
    </stand>
    <stand id="stage1_normal" modification="stage1_normal_stairs_m">
      <position x="35.0" y="0.0" z="10.0"/>
      <rotation x="0.0" y="90.0" z="0.0"/>
    </stand>
    <stand id="stage1_normal" modification="stage1_normal_stairs_m">
      <position x="35.0" y="0.0" z="-10.0"/>
      <rotation x="0.0" y="90.0" z="0.0"/>
    </stand>
  </stands>
  <adboards>
    <adboard id="adboard2">
      <position x="-8.0" y="13.0" z="21.0"/>
      <rotation x="0.0" y="0.0" z="0.0"/>
    </adboard>
    <adboard id="adboard3">
      <position x="-16.0" y="13.0" z="21.0"/>
      <rotation x="0.0" y="0.0" z="0.0"/>
    </adboard>
    <adboard id="adboard4">
      <position x="-24.0" y="13.0" z="21.0"/>
      <rotation x="0.0" y="0.0" z="0.0"/>
    </adboard>
    <adboard id="adboard2">
      <position x="8.0" y="13.0" z="21.0"/>
      <rotation x="0.0" y="0.0" z="0.0"/>
    </adboard>
    <adboard id="adboard3">
      <position x="16.0" y="13.0" z="21.0"/>
      <rotation x="0.0" y="0.0" z="0.0"/>
    </adboard>
    <adboard id="adboard4">
      <position x="23.99" y="13.0" z="21.100002"/>
      <rotation x="0.0" y="0.0" z="0.0"/>
    </adboard>
    <adboard id="adboard4">
      <position x="-30.0" y="13.0" z="-8.0"/>
      <rotation x="0.0" y="270.0" z="0.0"/>
    </adboard>
    <adboard id="adboard3">
      <position x="-30.0" y="13.0" z="0.0"/>
      <rotation x="0.0" y="270.0" z="0.0"/>
    </adboard>
    <adboard id="adboard2">
      <position x="-30.0" y="13.0" z="8.0"/>
      <rotation x="0.0" y="270.0" z="0.0"/>
    </adboard>
    <adboard id="adboard3">
      <position x="30.0" y="13.0" z="1.0"/>
      <rotation x="0.0" y="90.0" z="0.0"/>
    </adboard>
    <adboard id="adboard2">
      <position x="30.0" y="13.0" z="9.0"/>
      <rotation x="0.0" y="90.0" z="0.0"/>
    </adboard>
    <adboard id="adboard4">
      <position x="30.0" y="13.0" z="-7.0"/>
      <rotation x="0.0" y="90.0" z="0.0"/>
    </adboard>
    <adboard id="adboard1">
      <position x="0.0" y="13.0" z="21.0"/>
      <rotation x="0.0" y="0.0" z="0.0"/>
    </adboard>
    <adboard id="adboard1">
      <position x="-8.0" y="0.0" z="16.0"/>
      <rotation x="0.0" y="0.0" z="0.0"/>
    </adboard>
    <adboard id="adboard2">
      <position x="-16.0" y="0.0" z="16.0"/>
      <rotation x="0.0" y="0.0" z="0.0"/>
    </adboard>
    <adboard id="adboard3">
      <position x="8.0" y="0.0" z="16.0"/>
      <rotation x="0.0" y="0.0" z="0.0"/>
    </adboard>
    <adboard id="adboard4">
      <position x="16.0" y="0.0" z="16.0"/>
      <rotation x="0.0" y="0.0" z="0.0"/>
    </adboard>
    <adboard id="adboard1">
      <position x="26.0" y="0.0" z="6.0"/>
      <rotation x="0.0" y="90.0" z="0.0"/>
    </adboard>
    <adboard id="adboard3">
      <position x="26.0" y="0.0" z="-5.0"/>
      <rotation x="0.0" y="90.0" z="0.0"/>
    </adboard>
    <adboard id="adboard2">
      <position x="15.0" y="0.0" z="-14.0"/>
      <rotation x="0.0" y="180.0" z="0.0"/>
    </adboard>
    <adboard id="adboard4">
      <position x="7.0" y="0.0" z="-14.0"/>
      <rotation x="0.0" y="180.0" z="0.0"/>
    </adboard>
    <adboard id="adboard3">
      <position x="-8.0" y="0.0" z="-14.0"/>
      <rotation x="0.0" y="180.0" z="0.0"/>
    </adboard>
    <adboard id="adboard1">
      <position x="-16.0" y="0.0" z="-14.0"/>
      <rotation x="0.0" y="180.0" z="0.0"/>
    </adboard>
    <adboard id="adboard4">
      <position x="-25.0" y="0.0" z="6.0"/>
      <rotation x="0.0" y="270.0" z="0.0"/>
    </adboard>
    <adboard id="adboard2">
      <position x="-25.0" y="0.0" z="-6.0"/>
      <rotation x="0.0" y="270.0" z="0.0"/>
    </adboard>
  </adboards>
  <scoreboard stage="2">
    <position x="38.0" y="5.0" z="10.0"/>
    <rotation x="0.0" y="90.0" z="0.0"/>
  </scoreboard>
  <floodlights>
    <floodlight stage="2">
      <position x="37.0" y="5.0" z="28.0"/>
      <rotation x="0.0" y="240.0" z="0.0"/>
    </floodlight>
    <floodlight stage="2">
      <position x="-37.0" y="4.0" z="28.0"/>
      <rotation x="0.0" y="120.0" z="0.0"/>
    </floodlight>
    <floodlight stage="2">
      <position x="-36.0" y="0.0" z="-28.0"/>
      <rotation x="0.0" y="45.0" z="0.0"/>
    </floodlight>
    <floodlight stage="2">
      <position x="38.0" y="0.0" z="-29.0"/>
      <rotation x="0.0" y="330.0" z="0.0"/>
    </floodlight>
  </floodlights>
  <attractions>
    <hotdogstand>
      <position x="32.0" y="0.0" z="-29.0"/>
      <rotation x="0.0" y="180.0" z="0.0"/>
    </hotdogstand>
    <bettingoffice>
      <position x="-27.0" y="0.0" z="15.0"/>
      <rotation x="0.0" y="330.0" z="0.0"/>
    </bettingoffice>
    <beerbar>
      <position x="41.0" y="0.0" z="-24.0"/>
      <rotation x="0.0" y="315.0" z="0.0"/>
    </beerbar>
  </attractions>
  <objects>
    <object id="stage1_normal.x">
      <position x="-20.0" y="-2.0" z="-23.0"/>
      <rotation x="0.0" y="180.0" z="0.0"/>
    </object>
    <object id="stage1_normal.x">
      <position x="18.0" y="-2.0" z="-23.0"/>
      <rotation x="0.0" y="180.0" z="0.0"/>
    </object>
    <object id="stage1_normal.x">
      <position x="-2.0" y="-2.0" z="-23.0"/>
      <rotation x="0.0" y="180.0" z="0.0"/>
    </object>
    <object id="stage3_normal_roof1.x">
      <position x="-21.0" y="-9.0" z="-33.0"/>
      <rotation x="0.0" y="180.0" z="0.0"/>
    </object>
    <object id="stage3_normal_roof1.x">
      <position x="19.0" y="-9.0" z="-33.0"/>
      <rotation x="0.0" y="180.0" z="0.0"/>
    </object>
    <object id="stage3_normal_roof1.x">
      <position x="-1.0" y="-9.0" z="-33.0"/>
      <rotation x="0.0" y="180.0" z="0.0"/>
    </object>
    <object id="stage3_normal_roof1.x">
      <position x="45.0" y="-5.0" z="-9.0"/>
      <rotation x="0.0" y="90.0" z="0.0"/>
    </object>
    <object id="stage3_normal_roof1.x">
      <position x="45.0" y="-5.0" z="30.0"/>
      <rotation x="0.0" y="90.0" z="0.0"/>
    </object>
    <object id="stage3_normal_roof1.x">
      <position x="45.0" y="-5.0" z="11.0"/>
      <rotation x="0.0" y="90.0" z="0.0"/>
    </object>
    <object id="stage3_normal_roof1.x">
      <position x="40.0" y="-5.0" z="35.0"/>
      <rotation x="0.0" y="0.0" z="0.0"/>
    </object>
    <object id="stage3_normal_roof1.x">
      <position x="20.0" y="-5.0" z="35.0"/>
      <rotation x="0.0" y="0.0" z="0.0"/>
    </object>
    <object id="stage3_normal_roof1.x">
      <position x="0.0" y="-5.0" z="35.0"/>
      <rotation x="0.0" y="0.0" z="0.0"/>
    </object>
    <object id="stage3_normal_roof1.x">
      <position x="-20.0" y="-5.0" z="35.0"/>
      <rotation x="0.0" y="0.0" z="0.0"/>
    </object>
    <object id="stage3_normal_roof1.x">
      <position x="-40.0" y="-5.0" z="35.0"/>
      <rotation x="0.0" y="0.0" z="0.0"/>
    </object>
    <object id="stage3_normal_roof1.x">
      <position x="-45.0" y="-5.0" z="30.0"/>
      <rotation x="0.0" y="270.0" z="0.0"/>
    </object>
    <object id="stage3_normal_roof1.x">
      <position x="-45.0" y="-5.0" z="-10.0"/>
      <rotation x="0.0" y="270.0" z="0.0"/>
    </object>
    <object id="stage3_normal_roof1.x">
      <position x="-45.0" y="-5.0" z="10.0"/>
      <rotation x="0.0" y="270.0" z="0.0"/>
    </object>
    <object id="fence.x">
      <position x="-28.0" y="0.0" z="-5.0"/>
      <rotation x="0.0" y="270.0" z="0.0"/>
    </object>
    <object id="fence.x">
      <position x="-28.0" y="0.0" z="0.0"/>
      <rotation x="0.0" y="270.0" z="0.0"/>
    </object>
    <object id="fence.x">
      <position x="-28.0" y="0.0" z="5.0"/>
      <rotation x="0.0" y="270.0" z="0.0"/>
    </object>
    <object id="fence.x">
      <position x="28.0" y="0.0" z="0.0"/>
      <rotation x="0.0" y="90.0" z="0.0"/>
    </object>
    <object id="fence.x">
      <position x="28.0" y="0.0" z="-5.0"/>
      <rotation x="0.0" y="90.0" z="0.0"/>
    </object>
    <object id="fence.x">
      <position x="28.0" y="0.0" z="5.0"/>
      <rotation x="0.0" y="90.0" z="0.0"/>
    </object>
    <object id="banner.x">
      <position x="-28.0" y="0.0" z="-5.0"/>
      <rotation x="0.0" y="270.0" z="0.0"/>
    </object>
    <object id="banner.x">
      <position x="-28.0" y="2.0" z="0.0"/>
      <rotation x="0.0" y="270.0" z="0.0"/>
    </object>
    <object id="banner.x">
      <position x="-28.0" y="1.0" z="5.0"/>
      <rotation x="0.0" y="270.0" z="0.0"/>
    </object>
    <object id="hotdogstand.x">
      <position x="42.0" y="6.0" z="34.0"/>
      <rotation x="0.0" y="315.0" z="0.0"/>
    </object>
    <object id="house1.x">
      <position x="-29.0" y="0.0" z="-42.0"/>
      <rotation x="0.0" y="0.0" z="0.0"/>
    </object>
    <object id="house3.x">
      <position x="-20.0" y="0.0" z="-48.0"/>
      <rotation x="0.0" y="285.0" z="0.0"/>
    </object>
    <object id="house2.x">
      <position x="-53.0" y="0.0" z="-45.0"/>
      <rotation x="0.0" y="15.0" z="0.0"/>
    </object>
    <object id="house5.x">
      <position x="-7.0" y="0.0" z="-45.0"/>
      <rotation x="0.0" y="90.0" z="0.0"/>
    </object>
    <object id="house5.x">
      <position x="53.0" y="0.0" z="-45.0"/>
      <rotation x="0.0" y="330.0" z="0.0"/>
    </object>
    <object id="house4.x">
      <position x="34.0" y="0.0" z="-43.0"/>
      <rotation x="0.0" y="270.0" z="0.0"/>
    </object>
    <object id="tree2.x">
      <position x="-38.0" y="0.0" z="-23.0"/>
      <rotation x="0.0" y="330.0" z="0.0"/>
    </object>
    <object id="tree3.x">
      <position x="-17.0" y="0.0" z="-42.0"/>
      <rotation x="0.0" y="345.0" z="0.0"/>
    </object>
    <object id="tree1.x">
      <position x="-47.0" y="0.0" z="-36.0"/>
      <rotation x="0.0" y="30.0" z="0.0"/>
    </object>
    <object id="tree1.x">
      <position x="46.0" y="0.0" z="-36.0"/>
      <rotation x="0.0" y="345.0" z="0.0"/>
    </object>
    <object id="tree1.x">
      <position x="12.0" y="0.0" z="-44.0"/>
      <rotation x="0.0" y="270.0" z="0.0"/>
    </object>
    <object id="tree1.x">
      <position x="-45.0" y="0.0" z="-46.0"/>
      <rotation x="0.0" y="330.0" z="0.0"/>
    </object>
    <object id="tree2.x">
      <position x="-57.0" y="0.0" z="-25.0"/>
      <rotation x="0.0" y="330.0" z="0.0"/>
    </object>
    <object id="tree3.x">
      <position x="53.0" y="0.0" z="-29.0"/>
      <rotation x="0.0" y="0.0" z="0.0"/>
    </object>
    <object id="tree3.x">
      <position x="42.0" y="0.0" z="-45.0"/>
      <rotation x="0.0" y="0.0" z="0.0"/>
    </object>
    <object id="tree4.x">
      <position x="56.0" y="0.0" z="-48.0"/>
      <rotation x="0.0" y="330.0" z="0.0"/>
    </object>
    <object id="tree1.x">
      <position x="-55.0" y="0.0" z="16.0"/>
      <rotation x="0.0" y="345.0" z="0.0"/>
    </object>
    <object id="tree2.x">
      <position x="-12.0" y="0.0" z="46.0"/>
      <rotation x="0.0" y="315.0" z="0.0"/>
    </object>
    <object id="tree3.x">
      <position x="54.0" y="0.0" z="15.0"/>
      <rotation x="0.0" y="345.0" z="0.0"/>
    </object>
    <object id="tree2.x">
      <position x="-37.0" y="0.0" z="-34.0"/>
      <rotation x="0.0" y="315.0" z="0.0"/>
    </object>
  </objects>
</stadium>
