<?xml version="1.0" encoding="windows-1252"?>

<team id="gurkenburg" name="1.FC Gurkenburg" description="Beschreibung des Vereins" stadium="Kein Heimstadion (Zuf�lliges Stadion)">
  <colors id="home" pattern="" skin="FFC280" shirt="008B00" shirt2="008B00" pants="FFFFFF" shoes="C8C8C8"/>
  <colors id="away" pattern="horizontal" skin="FFC280" shirt="BDB76B" shirt2="698B69" pants="BDB76B" shoes="A0A0A0"/>
  <colors id="goalkeeper" pattern="vertical" skin="FFC280" shirt="CD2626" shirt2="CD2626" pants="FFFFFF" shoes="A0A0A0"/>
  <players>
    <player name="Stern Frucht" attack="5" defense="7" speed="5" stamina="5"/>
    <player name="Tom Ate" attack="4" defense="5" speed="5" stamina="5"/>
    <player name="Radisho" attack="5" defense="6" speed="8" stamina="5" headdress="ted" glasses=""/>
    <player name="G�nter Lauch" attack="6" defense="6" speed="6" stamina="6"/>
    <player name="Peter Silie" attack="8" defense="5" speed="6" stamina="7" headdress="" glasses="glasses"/>
  </players>
</team>
