<?xml version="1.0" encoding="windows-1252"?>

<team id="fcfranky" name="FC. Franky " description="Team by Speedy" stadium="allstars_3">
  <colors id="home" pattern="" skin="FFC280" shirt="FFA500" shirt2="FFA500" pants="FFFFFF" shoes="C8C8C8"/>
  <colors id="away" pattern="" skin="FFC280" shirt="F4ECEC" shirt2="1E64A0" pants="DF0303" shoes="A0A0A0"/>
  <colors id="goalkeeper" pattern="" skin="FFC280" shirt="F4C8C8" shirt2="CC0000" pants="342626" shoes="A0A0A0"/>
  <players>
    <player name="Diego Mara" attack="9" defense="9" speed="9" stamina="9" headdress="iro" glasses=""/>
    <player name="Sagi sahara" attack="9" defense="6" speed="5" stamina="9" headdress="" glasses=""/>
    <player name="J�rg Bohler" attack="9" defense="8" speed="6" stamina="10" headdress="iro" glasses=""/>
    <player name="Marc Gonzalas" attack="9" defense="6" speed="9" stamina="10" headdress="" glasses=""/>
    <player name="Marco Lessel" attack="10" defense="10" speed="10" stamina="10" headdress="" glasses=""/>
  </players>
</team>
