<?xml version="1.0" encoding="windows-1252"?>

<stadium id="rockcastle" name="Felsenburg">
  <terrain id="terrain1"/>
  <lawn quality="17"/>
  <goals id="aluminumgoals"/>
  <careerstandblocks/>
  <careeradboardblocks/>
  <stands maxspectators="1500">
    <stand id="stage3_normal" modification="stage3_normal_roof1">
      <position x="0.0" y="0.0" z="45.0"/>
      <rotation x="0.0" y="0.0" z="0.0"/>
    </stand>
    <stand id="stage3_normal" modification="stage3_normal_roof1">
      <position x="0.0" y="0.0" z="-45.0"/>
      <rotation x="0.0" y="180.0" z="0.0"/>
    </stand>
    <stand id="stage1_normal" modification="stage1_normal_entrance1">
      <position x="0.0" y="0.0" z="25.0"/>
      <rotation x="0.0" y="0.0" z="0.0"/>
    </stand>
    <stand id="stage1_normal" modification="stage1_normal_stairs_m">
      <position x="-20.0" y="0.0" z="25.0"/>
      <rotation x="0.0" y="0.0" z="0.0"/>
    </stand>
    <stand id="stage1_normal" modification="stage1_normal_stairs_m">
      <position x="20.0" y="0.0" z="25.0"/>
      <rotation x="0.0" y="0.0" z="0.0"/>
    </stand>
    <stand id="stage2_normal" modification="stage2_normal_banister">
      <position x="-20.0" y="0.0" z="35.0"/>
      <rotation x="0.0" y="0.0" z="0.0"/>
    </stand>
    <stand id="stage2_normal" modification="stage2_normal_banister">
      <position x="20.0" y="0.0" z="35.0"/>
      <rotation x="0.0" y="0.0" z="0.0"/>
    </stand>
    <stand id="stage3_normal" modification="stage3_normal_roof1">
      <position x="-20.0" y="0.0" z="45.0"/>
      <rotation x="0.0" y="0.0" z="0.0"/>
    </stand>
    <stand id="stage3_normal" modification="stage3_normal_roof1">
      <position x="20.0" y="0.0" z="45.0"/>
      <rotation x="0.0" y="0.0" z="0.0"/>
    </stand>
    <stand id="stage1_normal" modification="stage1_normal_stairs_m">
      <position x="0.0" y="0.0" z="-25.0"/>
      <rotation x="0.0" y="180.0" z="0.0"/>
    </stand>
    <stand id="stage1_normal" modification="stage1_normal_stairs_m">
      <position x="20.0" y="0.0" z="-25.0"/>
      <rotation x="0.0" y="180.0" z="0.0"/>
    </stand>
    <stand id="stage1_normal" modification="stage1_normal_stairs_m">
      <position x="-20.0" y="0.0" z="-25.0"/>
      <rotation x="0.0" y="180.0" z="0.0"/>
    </stand>
    <stand id="stage2_normal" modification="stage2_normal_banister">
      <position x="-20.0" y="0.0" z="-35.0"/>
      <rotation x="0.0" y="180.0" z="0.0"/>
    </stand>
    <stand id="stage3_normal" modification="stage3_normal_roof1">
      <position x="20.0" y="0.0" z="-45.0"/>
      <rotation x="0.0" y="180.0" z="0.0"/>
    </stand>
    <stand id="stage3_normal" modification="stage3_normal_roof1">
      <position x="-20.0" y="0.0" z="-45.0"/>
      <rotation x="0.0" y="180.0" z="0.0"/>
    </stand>
    <stand id="stage2_normal" modification="stage2_normal">
      <position x="0.0" y="0.0" z="35.0"/>
      <rotation x="0.0" y="0.0" z="0.0"/>
    </stand>
    <stand id="stage2_normal" modification="stage2_normal_banister">
      <position x="20.0" y="0.0" z="-35.0"/>
      <rotation x="0.0" y="180.0" z="0.0"/>
    </stand>
    <stand id="stage2_normal" modification="stage2_normal">
      <position x="0.0" y="0.0" z="-35.0"/>
      <rotation x="0.0" y="180.0" z="0.0"/>
    </stand>
  </stands>
  <adboards>
    <adboard id="adboard1">
      <position x="16.0" y="0.0" z="13.0"/>
      <rotation x="0.0" y="0.0" z="0.0"/>
    </adboard>
    <adboard id="adboard2">
      <position x="8.0" y="0.0" z="13.0"/>
      <rotation x="0.0" y="0.0" z="0.0"/>
    </adboard>
    <adboard id="adboard3">
      <position x="-8.0" y="0.0" z="13.0"/>
      <rotation x="0.0" y="0.0" z="0.0"/>
    </adboard>
    <adboard id="adboard4">
      <position x="-16.0" y="0.0" z="13.0"/>
      <rotation x="0.0" y="0.0" z="0.0"/>
    </adboard>
    <adboard id="adboard1">
      <position x="-26.0" y="0.0" z="8.0"/>
      <rotation x="0.0" y="270.0" z="0.0"/>
    </adboard>
    <adboard id="adboard2">
      <position x="-26.0" y="0.0" z="0.0"/>
      <rotation x="0.0" y="270.0" z="0.0"/>
    </adboard>
    <adboard id="adboard3">
      <position x="-26.0" y="0.0" z="-8.0"/>
      <rotation x="0.0" y="270.0" z="0.0"/>
    </adboard>
    <adboard id="adboard4">
      <position x="-16.0" y="0.0" z="-13.0"/>
      <rotation x="0.0" y="180.0" z="0.0"/>
    </adboard>
    <adboard id="adboard1">
      <position x="-8.0" y="0.0" z="-13.0"/>
      <rotation x="0.0" y="180.0" z="0.0"/>
    </adboard>
    <adboard id="adboard2">
      <position x="0.0" y="0.0" z="-13.0"/>
      <rotation x="0.0" y="180.0" z="0.0"/>
    </adboard>
    <adboard id="adboard3">
      <position x="8.0" y="0.0" z="-13.0"/>
      <rotation x="0.0" y="180.0" z="0.0"/>
    </adboard>
    <adboard id="adboard4">
      <position x="16.0" y="0.0" z="-13.0"/>
      <rotation x="0.0" y="180.0" z="0.0"/>
    </adboard>
    <adboard id="adboard1">
      <position x="25.0" y="0.0" z="-8.0"/>
      <rotation x="0.0" y="90.0" z="0.0"/>
    </adboard>
    <adboard id="adboard2">
      <position x="25.0" y="0.0" z="0.0"/>
      <rotation x="0.0" y="90.0" z="0.0"/>
    </adboard>
    <adboard id="adboard3">
      <position x="25.0" y="0.0" z="8.0"/>
      <rotation x="0.0" y="90.0" z="0.0"/>
    </adboard>
    <adboard id="adboard1">
      <position x="4.0" y="11.0" z="39.0"/>
      <rotation x="0.0" y="0.0" z="0.0"/>
    </adboard>
    <adboard id="adboard2">
      <position x="-4.0" y="11.0" z="39.0"/>
      <rotation x="0.0" y="0.0" z="0.0"/>
    </adboard>
    <adboard id="adboard3">
      <position x="-4.0" y="11.0" z="-38.0"/>
      <rotation x="0.0" y="180.0" z="0.0"/>
    </adboard>
    <adboard id="adboard4">
      <position x="4.0" y="11.0" z="-38.0"/>
      <rotation x="0.0" y="180.0" z="0.0"/>
    </adboard>
  </adboards>
  <scoreboard stage="3">
    <position x="42.0" y="13.0" z="0.0"/>
    <rotation x="0.0" y="90.0" z="0.0"/>
  </scoreboard>
  <floodlights>
    <floodlight stage="3">
      <position x="-30.0" y="0.0" z="-26.0"/>
      <rotation x="0.0" y="45.0" z="0.0"/>
    </floodlight>
    <floodlight stage="3">
      <position x="-32.0" y="0.0" z="27.0"/>
      <rotation x="0.0" y="120.0" z="0.0"/>
    </floodlight>
    <floodlight stage="3">
      <position x="30.0" y="0.0" z="-25.0"/>
      <rotation x="0.0" y="315.0" z="0.0"/>
    </floodlight>
    <floodlight stage="3">
      <position x="30.0" y="0.0" z="25.0"/>
      <rotation x="0.0" y="225.0" z="0.0"/>
    </floodlight>
  </floodlights>
  <attractions>
    <hotdogstand>
      <position x="-31.0" y="0.0" z="17.0"/>
      <rotation x="0.0" y="210.0" z="0.0"/>
    </hotdogstand>
    <bettingoffice>
      <position x="-30.0" y="0.0" z="-17.0"/>
      <rotation x="0.0" y="240.0" z="0.0"/>
    </bettingoffice>
    <beerbar>
      <position x="30.0" y="0.0" z="16.0"/>
      <rotation x="0.0" y="0.0" z="0.0"/>
    </beerbar>
    <highjump>
      <position x="33.0" y="0.0" z="-17.0"/>
      <rotation x="0.0" y="0.0" z="0.0"/>
    </highjump>
  </attractions>
  <objects>
    <object id="bogen.x">
      <position x="-7.0" y="20.0" z="0.0"/>
      <rotation x="0.0" y="270.0" z="0.0"/>
    </object>
    <object id="bogen.x">
      <position x="3.0" y="20.0" z="0.0"/>
      <rotation x="0.0" y="270.0" z="0.0"/>
    </object>
    <object id="bogen.x">
      <position x="-17.0" y="20.0" z="0.0"/>
      <rotation x="0.0" y="270.0" z="0.0"/>
    </object>
    <object id="bogen.x">
      <position x="-27.0" y="20.0" z="0.0"/>
      <rotation x="0.0" y="270.0" z="0.0"/>
    </object>
    <object id="bogen.x">
      <position x="13.0" y="20.0" z="0.0"/>
      <rotation x="0.0" y="270.0" z="0.0"/>
    </object>
    <object id="fels.x">
      <position x="-75.0" y="0.0" z="0.0"/>
      <rotation x="0.0" y="0.0" z="0.0"/>
    </object>
    <object id="fels.x">
      <position x="75.0" y="0.0" z="0.0"/>
      <rotation x="0.0" y="180.0" z="0.0"/>
    </object>
    <object id="traininggoal.x">
      <position x="37.0" y="0.0" z="-8.0"/>
      <rotation x="0.0" y="285.0" z="0.0"/>
    </object>
    <object id="tree1.x">
      <position x="35.0" y="0.0" z="3.0"/>
      <rotation x="0.0" y="0.0" z="0.0"/>
    </object>
    <object id="tree2.x">
      <position x="-36.0" y="0.0" z="7.0"/>
      <rotation x="0.0" y="0.0" z="0.0"/>
    </object>
    <object id="tree3.x">
      <position x="-48.0" y="13.0" z="0.0"/>
      <rotation x="0.0" y="30.0" z="0.0"/>
    </object>
    <object id="tree4.x">
      <position x="-54.0" y="24.0" z="18.0"/>
      <rotation x="0.0" y="15.0" z="0.0"/>
    </object>
    <object id="tree1.x">
      <position x="-56.0" y="24.0" z="-22.0"/>
      <rotation x="0.0" y="0.0" z="0.0"/>
    </object>
    <object id="woodengoal.x">
      <position x="-35.0" y="0.0" z="-2.0"/>
      <rotation x="0.0" y="240.0" z="0.0"/>
    </object>
    <object id="garbagecan.x">
      <position x="-25.0" y="11.0" z="39.0"/>
      <rotation x="0.0" y="0.0" z="0.0"/>
    </object>
    <object id="tree2.x">
      <position x="56.0" y="24.0" z="16.0"/>
      <rotation x="0.0" y="345.0" z="0.0"/>
    </object>
    <object id="tree3.x">
      <position x="46.0" y="13.0" z="21.0"/>
      <rotation x="0.0" y="15.0" z="0.0"/>
    </object>
    <object id="tree4.x">
      <position x="52.0" y="13.0" z="-24.0"/>
      <rotation x="0.0" y="0.0" z="0.0"/>
    </object>
  </objects>
</stadium>
