<?xml version="1.0" encoding="windows-1252"?>

<team id="nigeria" name="Nigeria" description="Nigeria f�r Bolzplatz 2006!" stadium="Kein Heimstadion (Zuf�lliges Stadion)">
  <colors id="home" pattern="" skin="734422" shirt="00CD00" shirt2="00CD00" pants="00CD00" shoes="00CD00"/>
  <colors id="away" pattern="" skin="734422" shirt="FFFFFF" shirt2="FFFFFF" pants="FFFFFF" shoes="FFFFFF"/>
  <colors id="goalkeeper" pattern="" skin="734422" shirt="FFFFFF" shirt2="FFFFFF" pants="FFFFFF" shoes="FFFFFF"/>
  <players>
    <player name="Ostin Ujite" attack="5" defense="6" speed="8" stamina="6" headdress="" glasses=""/>
    <player name="Josef Jopo" attack="5" defense="6" speed="8" stamina="7" headdress="" glasses=""/>
    <player name="Daye Daivo" attack="5" defense="8" speed="8" stamina="4" headdress="" glasses=""/>
    <player name="Nanko Kano" attack="7" defense="4" speed="8" stamina="7" headress="" glasses=""/>
    <player name="Ofabemmi Martin" attack="8" defense="6" speed="10" stamina="8" headdress="" glasses=""/>
  </players>
</team>
