<?xml version="1.0" encoding="windows-1252"?>

<stadium id="juxappel" name="Jux Appel Stadion">
  <terrain id="terrain1"/>
  <lawn quality="12"/>
  <goals id="woodengoals" wooden="true"/>
  <careerstandblocks/>
  <careeradboardblocks/>
  <stands maxspectators="220">
    <stand id="stage1_normal" modification="stage1_normal_entrance3">
      <position x="0.0" y="0.0" z="25.0"/>
      <rotation x="0.0" y="0.0" z="0.0"/>
    </stand>
  </stands>
  <adboards>
    <adboard id="adboard1">
      <position x="16.0" y="0.0" z="-18.0"/>
      <rotation x="0.0" y="180.0" z="0.0"/>
    </adboard>
    <adboard id="adboard2">
      <position x="8.0" y="0.0" z="-18.0"/>
      <rotation x="0.0" y="180.0" z="0.0"/>
    </adboard>
    <adboard id="adboard3">
      <position x="0.0" y="0.0" z="-18.0"/>
      <rotation x="0.0" y="180.0" z="0.0"/>
    </adboard>
    <adboard id="adboard4">
      <position x="-8.0" y="0.0" z="-18.0"/>
      <rotation x="0.0" y="180.0" z="0.0"/>
    </adboard>
    <adboard id="adboard2">
      <position x="-16.0" y="0.0" z="-18.0"/>
      <rotation x="0.0" y="180.0" z="0.0"/>
    </adboard>
    <adboard id="adboard4">
      <position x="24.0" y="0.0" z="-17.0"/>
      <rotation x="0.0" y="165.0" z="0.0"/>
    </adboard>
    <adboard id="adboard3">
      <position x="28.0" y="0.0" z="-12.0"/>
      <rotation x="0.0" y="90.0" z="0.0"/>
    </adboard>
    <adboard id="adboard2">
      <position x="25.0" y="0.0" z="17.0"/>
      <rotation x="0.0" y="15.0" z="0.0"/>
    </adboard>
    <adboard id="adboard1">
      <position x="28.0" y="0.0" z="12.0"/>
      <rotation x="0.0" y="90.0" z="0.0"/>
    </adboard>
    <adboard id="adboard3">
      <position x="17.0" y="0.0" z="18.0"/>
      <rotation x="0.0" y="0.0" z="0.0"/>
    </adboard>
    <adboard id="adboard4">
      <position x="9.0" y="0.0" z="18.0"/>
      <rotation x="0.0" y="0.0" z="0.0"/>
    </adboard>
    <adboard id="adboard2">
      <position x="-8.0" y="0.0" z="18.0"/>
      <rotation x="0.0" y="0.0" z="0.0"/>
    </adboard>
    <adboard id="adboard1">
      <position x="-16.0" y="0.0" z="18.0"/>
      <rotation x="0.0" y="0.0" z="0.0"/>
    </adboard>
    <adboard id="adboard3">
      <position x="-24.0" y="0.0" z="17.0"/>
      <rotation x="0.0" y="345.0" z="0.0"/>
    </adboard>
    <adboard id="adboard3">
      <position x="-24.0" y="0.0" z="-17.0"/>
      <rotation x="0.0" y="195.0" z="0.0"/>
    </adboard>
    <adboard id="adboard1">
      <position x="-28.0" y="0.0" z="-12.0"/>
      <rotation x="0.0" y="270.0" z="0.0"/>
    </adboard>
    <adboard id="adboard4">
      <position x="-28.0" y="0.0" z="12.0"/>
      <rotation x="0.0" y="270.0" z="0.0"/>
    </adboard>
    <adboard id="adboard2">
      <position x="-28.0" y="0.0" z="4.0"/>
      <rotation x="0.0" y="270.0" z="0.0"/>
    </adboard>
    <adboard id="adboard3">
      <position x="-28.0" y="0.0" z="-4.0"/>
      <rotation x="0.0" y="270.0" z="0.0"/>
    </adboard>
    <adboard id="adboard2">
      <position x="28.0" y="0.0" z="-4.0"/>
      <rotation x="0.0" y="90.0" z="0.0"/>
    </adboard>
    <adboard id="adboard4">
      <position x="28.0" y="0.0" z="4.0"/>
      <rotation x="0.0" y="90.0" z="0.0"/>
    </adboard>
  </adboards>
  <scoreboard stage="2">
    <position x="39.0" y="3.0" z="0.0"/>
    <rotation x="0.0" y="90.0" z="0.0"/>
  </scoreboard>
  <floodlights>
    <floodlight stage="2">
      <position x="30.0" y="0.0" z="-19.0"/>
      <rotation x="0.0" y="300.0" z="0.0"/>
    </floodlight>
    <floodlight stage="2">
      <position x="30.0" y="0.0" z="20.0"/>
      <rotation x="0.0" y="225.0" z="0.0"/>
    </floodlight>
    <floodlight stage="2">
      <position x="-30.0" y="0.0" z="-19.0"/>
      <rotation x="0.0" y="45.0" z="0.0"/>
    </floodlight>
    <floodlight stage="2">
      <position x="-30.0" y="0.0" z="20.0"/>
      <rotation x="0.0" y="120.0" z="0.0"/>
    </floodlight>
  </floodlights>
  <attractions>
    <hotdogstand>
      <position x="-8.0" y="0.0" z="-31.0"/>
      <rotation x="0.0" y="285.0" z="0.0"/>
    </hotdogstand>
    <track>
      <position x="0.0" y="0.0" z="0.0"/>
      <rotation x="0.0" y="0.0" z="0.0"/>
    </track>
    <highjump>
      <position x="-32.0" y="0.0" z="7.0"/>
      <rotation x="0.0" y="270.0" z="0.0"/>
    </highjump>
  </attractions>
  <objects>
    <object id="stage2_curve_banister.x">
      <position x="30.0" y="-8.0" z="15.0"/>
      <rotation x="0.0" y="0.0" z="0.0"/>
    </object>
    <object id="stage2_curve_banister.x">
      <position x="-30.0" y="-8.0" z="15.0"/>
      <rotation x="0.0" y="270.0" z="0.0"/>
    </object>
    <object id="stage2_curve_banister.x">
      <position x="-30.0" y="-8.0" z="-15.0"/>
      <rotation x="0.0" y="180.0" z="0.0"/>
    </object>
    <object id="stage2_curve_banister.x">
      <position x="30.0" y="-8.0" z="-15.0"/>
      <rotation x="0.0" y="90.0" z="0.0"/>
    </object>
    <object id="stage1_normal_banister.x">
      <position x="10.0" y="-2.0" z="-23.0"/>
      <rotation x="0.0" y="180.0" z="0.0"/>
    </object>
    <object id="stage1_normal_banister.x">
      <position x="-10.0" y="-2.0" z="-23.0"/>
      <rotation x="0.0" y="180.0" z="0.0"/>
    </object>
    <object id="stage1_normal.x">
      <position x="-35.0" y="-3.0" z="0.0"/>
      <rotation x="0.0" y="270.0" z="0.0"/>
    </object>
    <object id="stage1_normal.x">
      <position x="35.0" y="-3.0" z="0.0"/>
      <rotation x="0.0" y="90.0" z="0.0"/>
    </object>
    <object id="tree1.x">
      <position x="-33.0" y="0.0" z="-27.0"/>
      <rotation x="0.0" y="0.0" z="0.0"/>
    </object>
    <object id="tree2.x">
      <position x="43.0" y="0.0" z="-8.0"/>
      <rotation x="0.0" y="0.0" z="0.0"/>
    </object>
    <object id="tree4.x">
      <position x="24.0" y="0.0" z="-27.0"/>
      <rotation x="0.0" y="0.0" z="0.0"/>
    </object>
    <object id="tree3.x">
      <position x="-44.0" y="0.0" z="5.0"/>
      <rotation x="0.0" y="0.0" z="0.0"/>
    </object>
    <object id="tree2.x">
      <position x="50.0" y="0.0" z="2.0"/>
      <rotation x="0.0" y="0.0" z="0.0"/>
    </object>
    <object id="tree2.x">
      <position x="43.0" y="0.0" z="25.0"/>
      <rotation x="0.0" y="0.0" z="0.0"/>
    </object>
    <object id="tree4.x">
      <position x="44.0" y="0.0" z="4.0"/>
      <rotation x="0.0" y="0.0" z="0.0"/>
    </object>
    <object id="house2.x">
      <position x="37.0" y="0.0" z="-22.0"/>
      <rotation x="0.0" y="315.0" z="0.0"/>
    </object>
    <object id="banner.x">
      <position x="12.0" y="2.0" z="-28.0"/>
      <rotation x="0.0" y="180.0" z="0.0"/>
    </object>
    <object id="banner.x">
      <position x="6.0" y="2.0" z="-28.0"/>
      <rotation x="0.0" y="180.0" z="0.0"/>
    </object>
    <object id="banner.x">
      <position x="-9.0" y="2.0" z="-28.0"/>
      <rotation x="0.0" y="180.0" z="0.0"/>
    </object>
    <object id="stage3_normal_roof1.x">
      <position x="-10.0" y="-9.0" z="35.0"/>
      <rotation x="0.0" y="0.0" z="0.0"/>
    </object>
    <object id="stage3_normal_roof1.x">
      <position x="10.0" y="-9.0" z="35.0"/>
      <rotation x="0.0" y="0.0" z="0.0"/>
    </object>
  </objects>
</stadium>
