<?xml version="1.0" encoding="windows-1252"?>

<team id="spvggkraeutergrt" name="SpVgg Kr�uter G�rt'" description="Hier steht irgendeine Beschreibung zum Team" stadium="problemospiel">
  <colors id="home" pattern="horizontal" skin="EEC591" shirt="339900" shirt2="FFFFFF" pants="FFFFFF" shoes="339900"/>
  <colors id="away" pattern="" skin="EEC591" shirt="000000" shirt2="FFFFFF" pants="000000" shoes="CCCCCC"/>
  <colors id="goalkeeper" pattern="" skin="EEC591" shirt="FFFF00" shirt2="FFFF00" pants="000000" shoes="A0A0A0"/>
  <players>
    <player name="Justus Fetzen" attack="4" defense="6" speed="4" stamina="5" headdress="none" glasses=""/>
    <player name="Freddi Web Site" attack="5" defense="5" speed="5" stamina="5" headdress="" glasses=""/>
    <player name="Tim Aschenbecher" attack="3" defense="7" speed="4" stamina="5" headdress="bobblecap" glasses=""/>
    <player name="D. Fliegenklatscher" attack="6" defense="4" speed="6" stamina="4" headdress="" glasses=""/>
    <player name="Chris Timendorf" attack="8" defense="2" speed="6" stamina="7" headdress="ted" glasses=""/>
  </players>
</team>
