<?xml version="1.0" encoding="windows-1252"?>

<team id="parissansargent" name="Paris Sans Argent" description="Hier steht irgendeine Beschreibung zum Team" stadium="allstars_4">
  <colors id="home" pattern="vertical" skin="D6A25F" shirt="FF0000" shirt2="144371" pants="144371" shoes="FFFFFF"/>
  <colors id="away" pattern="vertical" skin="D6A25F" shirt="FFFFFF" shirt2="FFFFFF" pants="FFFFFF" shoes="144371"/>
  <colors id="goalkeeper" pattern="" skin="EEC591" shirt="990033" shirt2="FFFF00" pants="FFFFFF" shoes="A0A0A0"/>
  <players>
    <player name="Lino Letzl" attack="3" defense="8" speed="8" stamina="7" headdress="none" glasses=""/>
    <player name="Eduard Pissee" attack="8" defense="8" speed="8" stamina="9" headdress="ted" glasses=""/>
    <player name="Vikarsh Woahoo" attack="8" defense="8" speed="9" stamina="8" headdress="none" glasses="glasses"/>
    <player name="Bonaparte Balu" attack="8" defense="7" speed="8" stamina="7" headdress="none" glasses=""/>
    <player name="Paulchen" attack="10" defense="7" speed="9" stamina="9" headdress="bobblecap" glasses="glasses"/>
  </players>
</team>
