<?xml version="1.0" encoding="windows-1252"?>

<stadium id="bibber huegel (tickers)" name="Bibber H�gel">
  <terrain id="terrain1"/>
  <lawn quality="7"/>
  <goals id="woodengoals" wooden="true"/>
  <careerstandblocks/>
  <careeradboardblocks/>
  <stands maxspectators="950">
    <stand id="stage1_normal" modification="stage1_normal_banister">
      <position x="-20.0" y="0.0" z="25.0"/>
      <rotation x="0.0" y="0.0" z="0.0"/>
    </stand>
    <stand id="stage1_normal" modification="stage1_normal_entrance1">
      <position x="0.0" y="0.0" z="25.0"/>
      <rotation x="0.0" y="0.0" z="0.0"/>
    </stand>
    <stand id="stage1_normal" modification="stage1_normal_banister">
      <position x="20.0" y="0.0" z="25.0"/>
      <rotation x="0.0" y="0.0" z="0.0"/>
    </stand>
    <stand id="stage1_normal" modification="stage1_normal_banister">
      <position x="-35.0" y="0.0" z="10.0"/>
      <rotation x="0.0" y="270.0" z="0.0"/>
    </stand>
    <stand id="stage1_normal" modification="stage1_normal_banister">
      <position x="-35.0" y="0.0" z="-10.0"/>
      <rotation x="0.0" y="270.0" z="0.0"/>
    </stand>
    <stand id="stage1_normal" modification="stage1_normal_banister">
      <position x="-20.0" y="0.0" z="-25.0"/>
      <rotation x="0.0" y="180.0" z="0.0"/>
    </stand>
    <stand id="stage1_normal" modification="stage1_normal_banister">
      <position x="0.0" y="0.0" z="-25.0"/>
      <rotation x="0.0" y="180.0" z="0.0"/>
    </stand>
    <stand id="stage1_normal" modification="stage1_normal_banister">
      <position x="20.0" y="0.0" z="-25.0"/>
      <rotation x="0.0" y="180.0" z="0.0"/>
    </stand>
  </stands>
  <adboards>
    <adboard id="adboard1">
      <position x="30.0" y="0.0" z="16.0"/>
      <rotation x="0.0" y="90.0" z="0.0"/>
    </adboard>
    <adboard id="adboard2">
      <position x="30.0" y="0.0" z="8.0"/>
      <rotation x="0.0" y="90.0" z="0.0"/>
    </adboard>
    <adboard id="adboard3">
      <position x="30.0" y="0.0" z="0.0"/>
      <rotation x="0.0" y="90.0" z="0.0"/>
    </adboard>
    <adboard id="adboard4">
      <position x="30.0" y="0.0" z="-8.0"/>
      <rotation x="0.0" y="90.0" z="0.0"/>
    </adboard>
    <adboard id="adboard2">
      <position x="30.0" y="0.0" z="-16.0"/>
      <rotation x="0.0" y="90.0" z="0.0"/>
    </adboard>
    <adboard id="adboard1">
      <position x="-23.0" y="0.0" z="-13.0"/>
      <rotation x="0.0" y="225.0" z="0.0"/>
    </adboard>
    <adboard id="adboard2">
      <position x="-25.0" y="0.0" z="6.0"/>
      <rotation x="0.0" y="270.0" z="0.0"/>
    </adboard>
    <adboard id="adboard2">
      <position x="16.0" y="0.0" z="15.0"/>
      <rotation x="0.0" y="0.0" z="0.0"/>
    </adboard>
    <adboard id="adboard3">
      <position x="8.0" y="0.0" z="15.0"/>
      <rotation x="0.0" y="0.0" z="0.0"/>
    </adboard>
    <adboard id="adboard4">
      <position x="-12.0" y="0.0" z="15.0"/>
      <rotation x="0.0" y="0.0" z="0.0"/>
    </adboard>
    <adboard id="adboard2">
      <position x="-16.0" y="0.0" z="-16.0"/>
      <rotation x="0.0" y="180.0" z="0.0"/>
    </adboard>
    <adboard id="adboard3">
      <position x="0.0" y="0.0" z="-15.0"/>
      <rotation x="0.0" y="180.0" z="0.0"/>
    </adboard>
    <adboard id="adboard4">
      <position x="9.0" y="0.0" z="-15.0"/>
      <rotation x="0.0" y="180.0" z="0.0"/>
    </adboard>
  </adboards>
  <scoreboard stage="2">
    <position x="39.0" y="3.0" z="0.0"/>
    <rotation x="0.0" y="90.0" z="0.0"/>
  </scoreboard>
  <floodlights>
    <floodlight stage="2">
      <position x="39.0" y="0.0" z="-29.0"/>
      <rotation x="0.0" y="315.0" z="0.0"/>
    </floodlight>
    <floodlight stage="2">
      <position x="39.0" y="0.0" z="30.0"/>
      <rotation x="0.0" y="225.0" z="0.0"/>
    </floodlight>
    <floodlight stage="2">
      <position x="-40.0" y="0.0" z="30.0"/>
      <rotation x="0.0" y="120.0" z="0.0"/>
    </floodlight>
    <floodlight stage="2">
      <position x="-40.0" y="0.0" z="-29.0"/>
      <rotation x="0.0" y="60.0" z="0.0"/>
    </floodlight>
  </floodlights>
  <attractions>
    <hotdogstand>
      <position x="35.0" y="0.0" z="27.0"/>
      <rotation x="0.0" y="135.0" z="0.0"/>
    </hotdogstand>
  </attractions>
  <objects>
    <object id="stage1_curve.x">
      <position x="35.0" y="-3.0" z="20.0"/>
      <rotation x="0.0" y="0.0" z="0.0"/>
    </object>
    <object id="stage1_normal.x">
      <position x="35.0" y="-3.0" z="5.0"/>
      <rotation x="0.0" y="90.0" z="0.0"/>
    </object>
    <object id="stage1_normal.x">
      <position x="35.0" y="-3.0" z="-6.0"/>
      <rotation x="0.0" y="90.0" z="0.0"/>
    </object>
    <object id="stage1_curve.x">
      <position x="35.0" y="-3.0" z="-20.0"/>
      <rotation x="0.0" y="90.0" z="0.0"/>
    </object>
    <object id="fence.x">
      <position x="31.0" y="0.0" z="-15.0"/>
      <rotation x="0.0" y="90.0" z="0.0"/>
    </object>
    <object id="fence.x">
      <position x="31.0" y="0.0" z="-10.0"/>
      <rotation x="0.0" y="90.0" z="0.0"/>
    </object>
    <object id="fence.x">
      <position x="31.0" y="0.0" z="-5.0"/>
      <rotation x="0.0" y="90.0" z="0.0"/>
    </object>
    <object id="fence.x">
      <position x="31.0" y="0.0" z="0.0"/>
      <rotation x="0.0" y="90.0" z="0.0"/>
    </object>
    <object id="fence.x">
      <position x="31.0" y="0.0" z="5.0"/>
      <rotation x="0.0" y="90.0" z="0.0"/>
    </object>
    <object id="fence.x">
      <position x="31.0" y="0.0" z="10.0"/>
      <rotation x="0.0" y="90.0" z="0.0"/>
    </object>
    <object id="fence.x">
      <position x="31.0" y="0.0" z="15.0"/>
      <rotation x="0.0" y="90.0" z="0.0"/>
    </object>
    <object id="stage3_normal_roof1.x">
      <position x="0.0" y="-9.0" z="35.0"/>
      <rotation x="0.0" y="0.0" z="0.0"/>
    </object>
    <object id="stage3_normal_roof1.x">
      <position x="-20.0" y="-9.0" z="35.0"/>
      <rotation x="0.0" y="0.0" z="0.0"/>
    </object>
    <object id="stage3_normal_roof1.x">
      <position x="20.0" y="-9.0" z="35.0"/>
      <rotation x="0.0" y="0.0" z="0.0"/>
    </object>
    <object id="stage3_normal_roof1.x">
      <position x="0.0" y="-9.0" z="-35.0"/>
      <rotation x="0.0" y="180.0" z="0.0"/>
    </object>
    <object id="stage3_normal_roof1.x">
      <position x="20.0" y="-9.0" z="-35.0"/>
      <rotation x="0.0" y="180.0" z="0.0"/>
    </object>
    <object id="stage3_normal_roof1.x">
      <position x="-45.0" y="-5.0" z="10.0"/>
      <rotation x="0.0" y="270.0" z="0.0"/>
    </object>
    <object id="stage3_normal_roof1.x">
      <position x="-45.0" y="-5.0" z="-10.0"/>
      <rotation x="0.0" y="270.0" z="0.0"/>
    </object>
    <object id="stage3_normal_roof1.x">
      <position x="-20.0" y="-9.0" z="-35.0"/>
      <rotation x="0.0" y="180.0" z="0.0"/>
    </object>
    <object id="banner.x">
      <position x="31.0" y="0.0" z="10.0"/>
      <rotation x="0.0" y="90.0" z="0.0"/>
    </object>
    <object id="banner.x">
      <position x="31.0" y="1.0" z="3.0"/>
      <rotation x="0.0" y="90.0" z="0.0"/>
    </object>
    <object id="banner.x">
      <position x="31.0" y="0.0" z="-3.0"/>
      <rotation x="0.0" y="90.0" z="0.0"/>
    </object>
    <object id="banner.x">
      <position x="31.0" y="2.0" z="-9.0"/>
      <rotation x="0.0" y="90.0" z="0.0"/>
    </object>
    <object id="banner.x">
      <position x="31.0" y="0.0" z="-14.0"/>
      <rotation x="0.0" y="90.0" z="0.0"/>
    </object>
    <object id="banner.x">
      <position x="26.0" y="4.0" z="-30.0"/>
      <rotation x="0.0" y="180.0" z="0.0"/>
    </object>
    <object id="banner.x">
      <position x="19.0" y="4.0" z="-30.0"/>
      <rotation x="0.0" y="180.0" z="0.0"/>
    </object>
    <object id="tree3.x">
      <position x="45.0" y="0.0" z="-23.0"/>
      <rotation x="0.0" y="345.0" z="0.0"/>
    </object>
    <object id="tree4.x">
      <position x="42.0" y="0.0" z="21.0"/>
      <rotation x="0.0" y="345.0" z="0.0"/>
    </object>
    <object id="tree3.x">
      <position x="43.0" y="0.0" z="-2.0"/>
      <rotation x="0.0" y="345.0" z="0.0"/>
    </object>
    <object id="tree4.x">
      <position x="47.0" y="0.0" z="-12.0"/>
      <rotation x="0.0" y="30.0" z="0.0"/>
    </object>
    <object id="tree4.x">
      <position x="53.0" y="0.0" z="9.0"/>
      <rotation x="0.0" y="345.0" z="0.0"/>
    </object>
    <object id="tree1.x">
      <position x="53.0" y="0.0" z="-8.0"/>
      <rotation x="0.0" y="300.0" z="0.0"/>
    </object>
    <object id="tree1.x">
      <position x="35.0" y="0.0" z="37.0"/>
      <rotation x="0.0" y="0.0" z="0.0"/>
    </object>
    <object id="tree4.x">
      <position x="55.0" y="0.0" z="-35.0"/>
      <rotation x="0.0" y="255.0" z="0.0"/>
    </object>
    <object id="tree1.x">
      <position x="54.0" y="0.0" z="32.0"/>
      <rotation x="0.0" y="0.0" z="0.0"/>
    </object>
    <object id="tree2.x">
      <position x="43.0" y="0.0" z="11.0"/>
      <rotation x="0.0" y="255.0" z="0.0"/>
    </object>
    <object id="tree1.x">
      <position x="50.0" y="0.0" z="21.0"/>
      <rotation x="0.0" y="330.0" z="0.0"/>
    </object>
    <object id="tree4.x">
      <position x="57.0" y="0.0" z="2.0"/>
      <rotation x="0.0" y="330.0" z="0.0"/>
    </object>
    <object id="tree1.x">
      <position x="57.0" y="0.0" z="-22.0"/>
      <rotation x="0.0" y="345.0" z="0.0"/>
    </object>
    <object id="tree1.x">
      <position x="39.0" y="0.0" z="-41.0"/>
      <rotation x="0.0" y="330.0" z="0.0"/>
    </object>
    <object id="tree2.x">
      <position x="46.0" y="0.0" z="44.0"/>
      <rotation x="0.0" y="0.0" z="0.0"/>
    </object>
    <object id="tree1.x">
      <position x="3.0" y="0.0" z="46.0"/>
      <rotation x="0.0" y="330.0" z="0.0"/>
    </object>
    <object id="tree4.x">
      <position x="-49.0" y="0.0" z="35.0"/>
      <rotation x="0.0" y="240.0" z="0.0"/>
    </object>
    <object id="tree2.x">
      <position x="-51.0" y="0.0" z="-40.0"/>
      <rotation x="0.0" y="330.0" z="0.0"/>
    </object>
    <object id="tree2.x">
      <position x="-38.0" y="0.0" z="-33.0"/>
      <rotation x="0.0" y="315.0" z="0.0"/>
    </object>
    <object id="tree2.x">
      <position x="25.0" y="0.0" z="-46.0"/>
      <rotation x="0.0" y="345.0" z="0.0"/>
    </object>
    <object id="tree4.x">
      <position x="43.0" y="0.0" z="4.0"/>
      <rotation x="0.0" y="0.0" z="0.0"/>
    </object>
    <object id="tree4.x">
      <position x="59.0" y="0.0" z="-16.0"/>
      <rotation x="0.0" y="30.0" z="0.0"/>
    </object>
    <object id="tree1.x">
      <position x="34.0" y="0.0" z="-30.0"/>
      <rotation x="0.0" y="330.0" z="0.0"/>
    </object>
    <object id="tree4.x">
      <position x="58.0" y="0.0" z="16.0"/>
      <rotation x="0.0" y="0.0" z="0.0"/>
    </object>
    <object id="traininggoal.x">
      <position x="23.0" y="0.0" z="-17.0"/>
      <rotation x="0.0" y="330.0" z="0.0"/>
    </object>
  </objects>
</stadium>
